{"greenWeek":[[],[1,2,3,11,12,13,14,15,16,17,25,26,27,28],[1,2,3,11,12,13,14,15,16,17,25,26,27,28,29,30,31],[8,9,10,11,12,13,14,22,23,24,25,26,27,28],[6,7,8,9,10,11,12,20,21,22,23,24,25,26],[],[8,9,10,11,12,13,14,22,23,24,25,26,27,28],[1,6,7,8,9,10,11,12,20,21,22,23,24,25,26],[3,4,5,6,7,8,9,17,18,19,20,21,22,23],[1,2,3,4,5,6,7,15,16,17,18,19,20,21,29,30,31],[1,2,3,4,12,13,14,15,16,17,18,26,27,28,29,30],[1,2,10,11,12,13,14,15,16,24,25,26,27,28,29,30]],"redWeek":[[],[4,5,6,7,8,9,10,18,19,20,21,22,23,24],[4,5,6,7,8,9,10,18,19,20,21,22,23,24],[1,2,3,4,5,6,7,15,16,17,18,19,20,21,29,30],[1,2,3,4,5,13,14,15,16,17,18,19,27,28,29,30,31],[],[1,2,3,4,5,6,7,15,16,17,18,19,20,21,29,30,31],[2,3,4,5,13,14,15,16,17,18,19,27,28,29,30,31],[],[],[],[]],"RedRaspis1Group":[["Алгоритмы и методы(211)/Милюков Виктор Васильевич","Схемотехника(411Б)/Григорьев Евгений Владимирович"],["Системное программ-е(211)/Дмитренко Павел Сергеевич","Алгоритмы и методы(116)/Горская Ирина Юрьевна"],["Компьютерные сети(211)/Зуев Сергей Александрович","Философия(302)/Величко С.А."],["Компьютерные сети(224)/Зуев Сергей Александрович","Теория вероятности(211)/Цветков Д.О."],["","Философия(315)/Мезенцев Ю.Л.","Базы данных(123)/Высочин","Системное программ-е(121)/Дмитренко Павел Сергеевич","Физ-ра"],[],[]],"RedRaspis2Group":[["Алгоритмы и методы(211)/Милюков Виктор Васильевич","Схемотехника(411Б)/Григорьев Евгений Владимирович"],["Системное программ-е(211)/Дмитренко Павел Сергеевич","Алгоритмы и методы(116)/Горская Ирина Юрьевна"],["Компьютерные сети(211)/Зуев Сергей Александрович","Философия(302)/Величко С.А."],["Компьютерные сети(224)/Зуев Сергей Александрович","Теория вероятности(211)/Цветков Д.О."],["","Философия(315)/Мезенцев Ю.Л.","Базы данных(123)/Высочин ","Системное программ-е(121)/Дмитренко Павел Сергеевич","Физ-ра"],[],[]],"RedRaspis3Group":[["Алгоритмы и методы(211)/Милюков Виктор Васильевич","Схемотехника(411Б)/Григорьев Евгений Владимирович","Алгоритмы и методы(116)/Горская Ирина Юрьевна"],["Системное программ-е(211)/Дмитренко Павел Сергеевич","Компьютерные сети(224)/Зуев Сергей Александрович"],["Компьютерные сети(211)/Зуев Сергей Александрович","Философия(302)/Величко С.А."],["Базы данных(123)/Высочин С.В.","Теория вероятности(211)/Цветков Д.О."],["Компьютерная графика(8)/Михерский Ростислав Михайлович","Философия(315)/Мезенцев Ю.Л.","Системное программ-е(121)/Дмитренко Павел Сергеевич","Базы данных(123)/Высочин С.В.","Физ-ра"],[],[]],"RedRaspis4Group":[["Алгоритмы и методы(211)/Милюков Виктор Васильевич","Схемотехника(411Б)/Григорьев Евгений Владимирович","Алгоритмы и методы(116)/Горская Ирина Юрьевна"],["Системное программ-е(211)/Дмитренко Павел Сергеевич","Компьютерные сети(224)/Зуев Сергей Александрович"],["Компьютерные сети(211)/Зуев Сергей Александрович","Философия(302)/Величко С.А."],["Базы данных(123)/Высочин С.В.","Теория вероятности(211)/Цветков Д.О."],["Компьютерная графика(8)/Михерский Ростислав Михайлович","Философия(315)/Мезенцев Ю.Л.","Системное программ-е(121)/Дмитренко Павел Сергеевич","Базы данных(123)/Высочин С.В.","Физ-ра"],[],[]],"GreenRaspis1Group":[["Алгоритмы и методы(211)/Милюков Виктор Васильевич","Схемотехника(411Б)/Григорьев Евгений Владимирович","Компьютерные сети(224)/Зуев Сергей Александрович","Кураторский час(8)/Корниенко Андрей Юрьевич","",""],["Системное программ-е(211)/Дмитренко Павел Сергеевич","Теория вероятности(211)/Цветков Д.О.","Алгоритмы и методы(116)/Горская И.Ю.","","",""],["Компьютерная графика(211)/Михерский Ростислав Михайлович","Экономика(302)/Романюк Е.В.","Экономика(211)/Нистиренко Е.С.","","",""],["","Базы данных(211)/Высочин С.В.","Базы данных(123)/Высочин С.В.","","",""],["Базы данных(123)/Высочин С.В.","Системное программ-е(121)/Дмитренко Павел Сергеевич","","","Физ-ра",""],["","","","","",""],[]],"GreenRaspis2Group":[["Алгоритмы и методы(211)/Милюков Виктор Васильевич","Схемотехника(411Б)/Григорьев Евгений Владимирович","Компьютерные сети(224)/Зуев Сергей Александрович","Кураторский час(8)/Корниенко Андрей Юрьевич"],["Системное программ-е(211)/Дмитренко Павел Сергеевич","Теория вероятности(211)/Цветков Д.О.","Алгоритмы и методы(116)/Горская И.Ю."],["Компьютерная графика(211)/Михерский Ростислав Михайлович","Экономика(302)/Романюк Е.В.","Экономика(211)/Нистиренко Е.С."],["","Базы данных(211)/Высочин С.В.","Базы данных(123)/Высочин С.В."],["Базы данных(123)/Высочин С.В.","Системное программ-е(121)/Дмитренко Павел Сергеевич","","","Физ-ра"],[],[]],"GreenRaspis3Group":[["Алгоритмы и методы(211)/Милюков Виктор Васильевич","Схемотехника(411Б)/Григорьев Евгений Владимирович","Алгоритмы и методы(116)/Горская И.Ю.","Кураторский час(8)/Корниенко Андрей Юрьевич"],["Системное программ-е(211)/Дмитренко Павел Сергеевич","Теория вероятности(211)/Цветков Д.О."],["Компьютерная графика(211)/Михерский Ростислав Михайлович","Экономика(302)/Романюк Е.В.","Экономика(211)/Нистиренко Е.С."],["Компьютерные сети(224)/Зуев Сергей Александрович","Базы данных(211)/Высочин С.В."],["Системное программ-е(121)/Дмитренко Павел Сергеевич","Базы данных(123)/Высочин С.В.","","","Физ-ра"],[],[]],"GreenRaspis4Group":[["Алгоритмы и методы(211)/Милюков Виктор Васильевич","Схемотехника(411Б)/Григорьев Евгений Владимирович","Алгоритмы и методы(116)/Горская И.Ю.","Кураторский час(8)/Корниенко Андрей Юрьевич"],["Системное программ-е(211)/Дмитренко Павел Сергеевич","Теория вероятности(211)/Цветков Д.О."],["Компьютерная графика(211)/Михерский Ростислав Михайлович","Экономика(302)/Романюк Е.В.","Экономика(211)/Нистиренко Е.С."],["Компьютерные сети(224)/Зуев Сергей Александрович","Базы данных(211)/Высочин С.В."],["Системное программ-е(121)/Дмитренко Павел Сергеевич","Базы данных(123)/Высочин С.В.","","","Физ-ра"],[],[]]}